trial,testing,parameters,initial_deadline,final_deadline,net_reward,actions,success
1,False,"{'a': 0.9, 'e': 1.0}",20,0,-163.6724916513151,"{0: 10, 1: 4, 2: 3, 3: 0, 4: 3}",0
2,False,"{'a': 0.9, 'e': 0.25}",20,0,2.1732790779175652,"{0: 17, 1: 2, 2: 1, 3: 0, 4: 0}",0
3,False,"{'a': 0.9, 'e': 0.1111111111111111}",20,0,2.9582986590637614,"{0: 18, 1: 0, 2: 2, 3: 0, 4: 0}",0
4,False,"{'a': 0.9, 'e': 0.0625}",25,0,-16.35374325720915,"{0: 21, 1: 1, 2: 2, 3: 1, 4: 0}",0
5,False,"{'a': 0.9, 'e': 0.04}",25,16,12.811284107261214,"{0: 9, 1: 0, 2: 0, 3: 0, 4: 0}",1
6,False,"{'a': 0.9, 'e': 0.027777777777777776}",25,0,11.09165911554984,"{0: 23, 1: 0, 2: 2, 3: 0, 4: 0}",0
7,False,"{'a': 0.9, 'e': 0.02040816326530612}",20,3,-2.7900802017436175,"{0: 14, 1: 1, 2: 2, 3: 0, 4: 0}",1
8,False,"{'a': 0.9, 'e': 0.015625}",20,0,-22.805944762958298,"{0: 17, 1: 1, 2: 0, 3: 2, 4: 0}",0
9,False,"{'a': 0.9, 'e': 0.012345679012345678}",20,6,6.866897135535792,"{0: 13, 1: 0, 2: 1, 3: 0, 4: 0}",1
10,False,"{'a': 0.9, 'e': 0.01}",20,2,21.58215956478552,"{0: 18, 1: 0, 2: 0, 3: 0, 4: 0}",1
11,False,"{'a': 0.9, 'e': 0.008264462809917356}",20,0,1.944272458733358,"{0: 18, 1: 1, 2: 0, 3: 1, 4: 0}",0
12,False,"{'a': 0.9, 'e': 0.006944444444444444}",20,0,0.7888347098878903,"{0: 18, 1: 1, 2: 1, 3: 0, 4: 0}",0
13,False,"{'a': 0.9, 'e': 0.005917159763313609}",20,9,-7.587174368885222,"{0: 9, 1: 1, 2: 0, 3: 1, 4: 0}",1
14,False,"{'a': 0.9, 'e': 0.00510204081632653}",25,0,-12.464076563321715,"{0: 23, 1: 0, 2: 0, 3: 2, 4: 0}",0
15,False,"{'a': 0.9, 'e': 0.0044444444444444444}",20,6,10.59398429386291,"{0: 13, 1: 0, 2: 1, 3: 0, 4: 0}",1
16,False,"{'a': 0.9, 'e': 0.00390625}",20,0,34.240483471783165,"{0: 20, 1: 0, 2: 0, 3: 0, 4: 0}",1
17,False,"{'a': 0.9, 'e': 0.0034602076124567475}",25,0,18.233010710005495,"{0: 24, 1: 0, 2: 1, 3: 0, 4: 0}",0
18,False,"{'a': 0.9, 'e': 0.0030864197530864196}",25,1,-5.675162624222401,"{0: 23, 1: 0, 2: 0, 3: 0, 4: 1}",1
19,False,"{'a': 0.9, 'e': 0.002770083102493075}",20,3,-21.17449225808953,"{0: 15, 1: 1, 2: 0, 3: 0, 4: 1}",1
20,False,"{'a': 0.9, 'e': 0.0025}",25,6,32.77194263003112,"{0: 19, 1: 0, 2: 0, 3: 0, 4: 0}",1
21,False,"{'a': 0.9, 'e': 0.0022675736961451248}",30,0,16.16016145220261,"{0: 28, 1: 1, 2: 0, 3: 1, 4: 0}",0
22,False,"{'a': 0.9, 'e': 0.002066115702479339}",25,3,17.969325416691028,"{0: 21, 1: 0, 2: 1, 3: 0, 4: 0}",1
23,False,"{'a': 0.9, 'e': 0.001890359168241966}",20,0,9.60993333859873,"{0: 19, 1: 0, 2: 0, 3: 1, 4: 0}",0
24,False,"{'a': 0.9, 'e': 0.001736111111111111}",25,0,6.311038129686599,"{0: 24, 1: 0, 2: 0, 3: 1, 4: 0}",0
25,False,"{'a': 0.9, 'e': 0.0016}",20,8,22.37983219504998,"{0: 12, 1: 0, 2: 0, 3: 0, 4: 0}",1
26,False,"{'a': 0.9, 'e': 0.0014792899408284023}",20,14,11.161813530730237,"{0: 6, 1: 0, 2: 0, 3: 0, 4: 0}",1
27,False,"{'a': 0.9, 'e': 0.0013717421124828533}",20,13,12.316263458075966,"{0: 7, 1: 0, 2: 0, 3: 0, 4: 0}",1
28,False,"{'a': 0.9, 'e': 0.0012755102040816326}",20,9,-48.53407889881526,"{0: 9, 1: 0, 2: 0, 3: 1, 4: 1}",1
29,False,"{'a': 0.9, 'e': 0.0011890606420927468}",25,0,-7.461498644493085,"{0: 24, 1: 0, 2: 0, 3: 0, 4: 1}",0
30,False,"{'a': 0.9, 'e': 0.0011111111111111111}",20,9,19.650985631588874,"{0: 11, 1: 0, 2: 0, 3: 0, 4: 0}",1
31,False,"{'a': 0.9, 'e': 0.001040582726326743}",25,7,9.52624947423236,"{0: 17, 1: 0, 2: 0, 3: 1, 4: 0}",1
32,False,"{'a': 0.9, 'e': 0.0009765625}",25,0,23.851828111562522,"{0: 23, 1: 2, 2: 0, 3: 0, 4: 0}",0
33,False,"{'a': 0.9, 'e': 0.0009182736455463728}",30,12,-8.432729358468448,"{0: 17, 1: 0, 2: 0, 3: 0, 4: 1}",1
34,False,"{'a': 0.9, 'e': 0.0008650519031141869}",25,4,24.758012361003765,"{0: 20, 1: 0, 2: 1, 3: 0, 4: 0}",1
35,False,"{'a': 0.9, 'e': 0.0008163265306122449}",20,7,25.80653657224425,"{0: 13, 1: 0, 2: 0, 3: 0, 4: 0}",1
36,False,"{'a': 0.9, 'e': 0.0007716049382716049}",25,15,18.933278107895106,"{0: 10, 1: 0, 2: 0, 3: 0, 4: 0}",1
37,False,"{'a': 0.9, 'e': 0.0007304601899196494}",20,12,14.224326805892082,"{0: 8, 1: 0, 2: 0, 3: 0, 4: 0}",1
38,False,"{'a': 0.9, 'e': 0.0006925207756232687}",25,9,29.221905743971853,"{0: 16, 1: 0, 2: 0, 3: 0, 4: 0}",1
39,False,"{'a': 0.9, 'e': 0.0006574621959237344}",20,11,17.928628566678427,"{0: 9, 1: 0, 2: 0, 3: 0, 4: 0}",1
40,False,"{'a': 0.9, 'e': 0.000625}",20,3,28.063568124190144,"{0: 17, 1: 0, 2: 0, 3: 0, 4: 0}",1
41,False,"{'a': 0.9, 'e': 0.000594883997620464}",20,2,29.895848150993324,"{0: 18, 1: 0, 2: 0, 3: 0, 4: 0}",1
42,False,"{'a': 0.9, 'e': 0.0005668934240362812}",25,16,-6.348785594281484,"{0: 8, 1: 0, 2: 0, 3: 1, 4: 0}",1
43,False,"{'a': 0.9, 'e': 0.0005408328826392645}",20,16,6.766814776427749,"{0: 4, 1: 0, 2: 0, 3: 0, 4: 0}",1
44,False,"{'a': 0.9, 'e': 0.0005165289256198347}",25,11,20.308773008900864,"{0: 14, 1: 0, 2: 0, 3: 0, 4: 0}",1
45,False,"{'a': 0.9, 'e': 0.0004938271604938272}",20,16,7.171805541554133,"{0: 4, 1: 0, 2: 0, 3: 0, 4: 0}",1
46,False,"{'a': 0.9, 'e': 0.0004725897920604915}",20,9,20.576936258717524,"{0: 11, 1: 0, 2: 0, 3: 0, 4: 0}",1
47,False,"{'a': 0.9, 'e': 0.0004526935264825713}",25,7,-17.919510065183303,"{0: 16, 1: 1, 2: 0, 3: 0, 4: 1}",1
48,False,"{'a': 0.9, 'e': 0.00043402777777777775}",25,17,14.2141834013329,"{0: 8, 1: 0, 2: 0, 3: 0, 4: 0}",1
49,False,"{'a': 0.9, 'e': 0.00041649312786339027}",25,11,22.38270074266817,"{0: 14, 1: 0, 2: 0, 3: 0, 4: 0}",1
50,False,"{'a': 0.9, 'e': 0.0004}",25,19,-31.195638305221767,"{0: 5, 1: 0, 2: 0, 3: 0, 4: 1}",1
51,False,"{'a': 0.9, 'e': 0.00038446751249519417}",20,8,22.29863069440909,"{0: 12, 1: 0, 2: 0, 3: 0, 4: 0}",1
52,False,"{'a': 0.9, 'e': 0.0003698224852071006}",25,17,14.373309708347891,"{0: 8, 1: 0, 2: 0, 3: 0, 4: 0}",1
53,False,"{'a': 0.9, 'e': 0.000355998576005696}",25,0,15.918721327085663,"{0: 24, 1: 0, 2: 0, 3: 1, 4: 0}",0
54,False,"{'a': 0.9, 'e': 0.00034293552812071334}",20,0,22.81610392791374,"{0: 20, 1: 0, 2: 0, 3: 0, 4: 0}",0
55,False,"{'a': 0.9, 'e': 0.00033057851239669424}",25,13,1.2817951403479815,"{0: 11, 1: 0, 2: 0, 3: 1, 4: 0}",1
56,False,"{'a': 0.9, 'e': 0.00031887755102040814}",20,7,23.367018807864213,"{0: 13, 1: 0, 2: 0, 3: 0, 4: 0}",1
57,False,"{'a': 0.9, 'e': 0.0003077870113881194}",20,12,15.27908683325385,"{0: 8, 1: 0, 2: 0, 3: 0, 4: 0}",1
58,False,"{'a': 0.9, 'e': 0.0002972651605231867}",30,2,36.198361700065654,"{0: 28, 1: 0, 2: 0, 3: 0, 4: 0}",1
59,False,"{'a': 0.9, 'e': 0.0002872737719046251}",25,15,-4.0124597074071255,"{0: 9, 1: 0, 2: 0, 3: 1, 4: 0}",1
60,False,"{'a': 0.9, 'e': 0.0002777777777777778}",30,0,42.74367678842286,"{0: 30, 1: 0, 2: 0, 3: 0, 4: 0}",0
61,False,"{'a': 0.9, 'e': 0.0002687449610319806}",30,8,28.677338500733445,"{0: 22, 1: 0, 2: 0, 3: 0, 4: 0}",1
62,False,"{'a': 0.9, 'e': 0.00026014568158168577}",25,16,17.08129118243668,"{0: 9, 1: 0, 2: 0, 3: 0, 4: 0}",1
63,False,"{'a': 0.9, 'e': 0.0002519526329050139}",20,0,-14.665467289121027,"{0: 19, 1: 0, 2: 0, 3: 0, 4: 1}",0
64,False,"{'a': 0.9, 'e': 0.000244140625}",25,0,32.25452433890419,"{0: 25, 1: 0, 2: 0, 3: 0, 4: 0}",0
65,False,"{'a': 0.9, 'e': 0.00023668639053254438}",25,0,36.329620512451385,"{0: 25, 1: 0, 2: 0, 3: 0, 4: 0}",0
66,False,"{'a': 0.9, 'e': 0.0002295684113865932}",25,0,42.49796879764501,"{0: 25, 1: 0, 2: 0, 3: 0, 4: 0}",0
67,False,"{'a': 0.9, 'e': 0.00022276676319893073}",20,13,11.723621666075239,"{0: 7, 1: 0, 2: 0, 3: 0, 4: 0}",1
68,False,"{'a': 0.9, 'e': 0.00021626297577854672}",20,8,18.783431326968856,"{0: 12, 1: 0, 2: 0, 3: 0, 4: 0}",1
69,False,"{'a': 0.9, 'e': 0.00021003990758244068}",20,16,6.862013586402603,"{0: 4, 1: 0, 2: 0, 3: 0, 4: 0}",1
70,False,"{'a': 0.9, 'e': 0.00020408163265306123}",25,12,22.0463619464648,"{0: 13, 1: 0, 2: 0, 3: 0, 4: 0}",1
71,False,"{'a': 0.9, 'e': 0.00019837333862328903}",20,0,31.153347585428605,"{0: 20, 1: 0, 2: 0, 3: 0, 4: 0}",0
72,False,"{'a': 0.9, 'e': 0.00019290123456790122}",25,0,34.90190771023553,"{0: 25, 1: 0, 2: 0, 3: 0, 4: 0}",0
73,False,"{'a': 0.9, 'e': 0.00018765246762994934}",25,0,22.263539662963208,"{0: 24, 1: 0, 2: 1, 3: 0, 4: 0}",0
74,False,"{'a': 0.9, 'e': 0.00018261504747991235}",20,0,-58.28799882942097,"{0: 18, 1: 0, 2: 0, 3: 0, 4: 2}",0
75,False,"{'a': 0.9, 'e': 0.00017777777777777779}",20,0,28.854664425681463,"{0: 20, 1: 0, 2: 0, 3: 0, 4: 0}",0
76,False,"{'a': 0.9, 'e': 0.00017313019390581717}",25,18,9.875051704832124,"{0: 7, 1: 0, 2: 0, 3: 0, 4: 0}",1
77,False,"{'a': 0.9, 'e': 0.00016866250632484398}",30,18,16.13362504912715,"{0: 12, 1: 0, 2: 0, 3: 0, 4: 0}",1
78,False,"{'a': 0.9, 'e': 0.0001643655489809336}",25,13,20.999842579597914,"{0: 12, 1: 0, 2: 0, 3: 0, 4: 0}",1
79,False,"{'a': 0.9, 'e': 0.0001602307322544464}",25,13,-17.86208102086711,"{0: 11, 1: 0, 2: 0, 3: 0, 4: 1}",1
80,False,"{'a': 0.9, 'e': 0.00015625}",25,14,18.572853086115693,"{0: 11, 1: 0, 2: 0, 3: 0, 4: 0}",1
81,False,"{'a': 0.9, 'e': 0.00015241579027587258}",20,8,21.825875706830313,"{0: 12, 1: 0, 2: 0, 3: 0, 4: 0}",1
82,False,"{'a': 0.9, 'e': 0.000148720999405116}",20,10,20.65064090976758,"{0: 10, 1: 0, 2: 0, 3: 0, 4: 0}",1
83,False,"{'a': 0.9, 'e': 0.00014515894904920887}",20,8,20.709106786364096,"{0: 12, 1: 0, 2: 0, 3: 0, 4: 0}",1
84,False,"{'a': 0.9, 'e': 0.0001417233560090703}",20,2,29.263604934618037,"{0: 18, 1: 0, 2: 0, 3: 0, 4: 0}",1
85,False,"{'a': 0.9, 'e': 0.0001384083044982699}",25,0,36.62546042323298,"{0: 25, 1: 0, 2: 0, 3: 0, 4: 0}",0
86,False,"{'a': 0.9, 'e': 0.00013520822065981613}",25,0,34.56453653720702,"{0: 25, 1: 0, 2: 0, 3: 0, 4: 0}",0
87,False,"{'a': 0.9, 'e': 0.0001321178491214163}",20,0,29.425298702410394,"{0: 20, 1: 0, 2: 0, 3: 0, 4: 0}",0
88,False,"{'a': 0.9, 'e': 0.00012913223140495868}",20,15,11.494625311536296,"{0: 5, 1: 0, 2: 0, 3: 0, 4: 0}",1
89,False,"{'a': 0.9, 'e': 0.00012624668602449185}",20,14,12.600419086660642,"{0: 6, 1: 0, 2: 0, 3: 0, 4: 0}",1
90,False,"{'a': 0.9, 'e': 0.0001234567901234568}",25,12,24.290000388601335,"{0: 13, 1: 0, 2: 0, 3: 0, 4: 0}",1
91,False,"{'a': 0.9, 'e': 0.00012075836251660427}",25,0,37.58998692454228,"{0: 25, 1: 0, 2: 0, 3: 0, 4: 0}",0
92,False,"{'a': 0.9, 'e': 0.00011814744801512288}",20,10,19.534115244817592,"{0: 10, 1: 0, 2: 0, 3: 0, 4: 0}",1
93,False,"{'a': 0.9, 'e': 0.00011562030292519366}",20,4,31.802942098663237,"{0: 16, 1: 0, 2: 0, 3: 0, 4: 0}",1
94,False,"{'a': 0.9, 'e': 0.00011317338162064282}",25,15,19.374314230959456,"{0: 10, 1: 0, 2: 0, 3: 0, 4: 0}",1
95,False,"{'a': 0.9, 'e': 0.00011080332409972299}",25,0,11.016075416722895,"{0: 24, 1: 0, 2: 0, 3: 1, 4: 0}",0
96,False,"{'a': 0.9, 'e': 0.00010850694444444444}",20,16,9.319316719869997,"{0: 4, 1: 0, 2: 0, 3: 0, 4: 0}",1
97,False,"{'a': 0.9, 'e': 0.00010628122010840685}",20,5,22.675943884901542,"{0: 15, 1: 0, 2: 0, 3: 0, 4: 0}",1
98,False,"{'a': 0.9, 'e': 0.00010412328196584757}",25,11,24.89403529613457,"{0: 14, 1: 0, 2: 0, 3: 0, 4: 0}",1
99,False,"{'a': 0.9, 'e': 0.00010203040506070809}",25,14,19.844862177470517,"{0: 11, 1: 0, 2: 0, 3: 0, 4: 0}",1
100,False,"{'a': 0.9, 'e': 0.0001}",25,2,33.31217933284752,"{0: 23, 1: 0, 2: 0, 3: 0, 4: 0}",1
101,False,"{'a': 0.9, 'e': 9.80296049406921e-05}",25,0,37.55843055760621,"{0: 25, 1: 0, 2: 0, 3: 0, 4: 0}",0
102,False,"{'a': 0.9, 'e': 9.611687812379854e-05}",30,14,25.04788239118085,"{0: 16, 1: 0, 2: 0, 3: 0, 4: 0}",1
103,False,"{'a': 0.9, 'e': 9.425959091337543e-05}",30,0,45.83803534760987,"{0: 30, 1: 0, 2: 0, 3: 0, 4: 0}",0
104,False,"{'a': 0.9, 'e': 9.245562130177515e-05}",20,12,11.674526199777961,"{0: 8, 1: 0, 2: 0, 3: 0, 4: 0}",1
105,False,"{'a': 0.9, 'e': 9.070294784580499e-05}",20,8,14.492713117888732,"{0: 11, 1: 1, 2: 0, 3: 0, 4: 0}",1
106,False,"{'a': 0.9, 'e': 8.8999644001424e-05}",25,11,23.074158707405765,"{0: 14, 1: 0, 2: 0, 3: 0, 4: 0}",1
107,False,"{'a': 0.9, 'e': 8.734387282732117e-05}",25,0,2.2636882174529576,"{0: 24, 1: 0, 2: 0, 3: 0, 4: 1}",0
108,False,"{'a': 0.9, 'e': 8.573388203017833e-05}",20,12,17.77521477773186,"{0: 8, 1: 0, 2: 0, 3: 0, 4: 0}",1
109,False,"{'a': 0.9, 'e': 8.416799932665601e-05}",30,9,32.75758633854484,"{0: 21, 1: 0, 2: 0, 3: 0, 4: 0}",1
110,False,"{'a': 0.9, 'e': 8.264462809917356e-05}",20,6,24.49223432935384,"{0: 14, 1: 0, 2: 0, 3: 0, 4: 0}",1
111,False,"{'a': 0.9, 'e': 8.116224332440549e-05}",20,7,-2.3754101745795184,"{0: 11, 1: 0, 2: 2, 3: 0, 4: 0}",1
112,False,"{'a': 0.9, 'e': 7.971938775510203e-05}",20,12,16.293471297809003,"{0: 8, 1: 0, 2: 0, 3: 0, 4: 0}",1
113,False,"{'a': 0.9, 'e': 7.831466833737959e-05}",25,12,23.688030365721882,"{0: 13, 1: 0, 2: 0, 3: 0, 4: 0}",1
114,False,"{'a': 0.9, 'e': 7.694675284702985e-05}",30,12,30.91092406719489,"{0: 18, 1: 0, 2: 0, 3: 0, 4: 0}",1
115,False,"{'a': 0.9, 'e': 7.561436672967865e-05}",25,3,34.93041234622947,"{0: 22, 1: 0, 2: 0, 3: 0, 4: 0}",1
116,False,"{'a': 0.9, 'e': 7.431629013079668e-05}",30,10,13.810272756184546,"{0: 19, 1: 0, 2: 0, 3: 1, 4: 0}",1
117,False,"{'a': 0.9, 'e': 7.305135510263716e-05}",30,21,15.589696762352078,"{0: 9, 1: 0, 2: 0, 3: 0, 4: 0}",1
118,False,"{'a': 0.9, 'e': 7.181844297615628e-05}",30,20,19.170809706260748,"{0: 10, 1: 0, 2: 0, 3: 0, 4: 0}",1
119,False,"{'a': 0.9, 'e': 7.06164818868724e-05}",20,14,14.862644821971477,"{0: 6, 1: 0, 2: 0, 3: 0, 4: 0}",1
120,False,"{'a': 0.9, 'e': 6.944444444444444e-05}",25,10,26.51977899757648,"{0: 15, 1: 0, 2: 0, 3: 0, 4: 0}",1
121,False,"{'a': 0.9, 'e': 6.830134553650706e-05}",20,13,14.959879417301961,"{0: 7, 1: 0, 2: 0, 3: 0, 4: 0}",1
122,False,"{'a': 0.9, 'e': 6.718624025799516e-05}",30,22,15.316490755299055,"{0: 8, 1: 0, 2: 0, 3: 0, 4: 0}",1
123,False,"{'a': 0.9, 'e': 6.609822195782933e-05}",20,7,23.90757070278249,"{0: 13, 1: 0, 2: 0, 3: 0, 4: 0}",1
124,False,"{'a': 0.9, 'e': 6.503642039542144e-05}",30,10,38.06129103123864,"{0: 20, 1: 0, 2: 0, 3: 0, 4: 0}",1
125,False,"{'a': 0.9, 'e': 6.4e-05}",20,13,11.543983045346796,"{0: 7, 1: 0, 2: 0, 3: 0, 4: 0}",1
126,False,"{'a': 0.9, 'e': 6.298815822625347e-05}",20,10,15.371853331438807,"{0: 10, 1: 0, 2: 0, 3: 0, 4: 0}",1
127,False,"{'a': 0.9, 'e': 6.2000124000248e-05}",25,11,21.682345868413186,"{0: 14, 1: 0, 2: 0, 3: 0, 4: 0}",1
128,False,"{'a': 0.9, 'e': 6.103515625e-05}",20,14,11.09551951527189,"{0: 6, 1: 0, 2: 0, 3: 0, 4: 0}",1
129,False,"{'a': 0.9, 'e': 6.009254251547383e-05}",30,24,12.199563358468728,"{0: 6, 1: 0, 2: 0, 3: 0, 4: 0}",1
130,False,"{'a': 0.9, 'e': 5.9171597633136094e-05}",30,13,27.65228861106994,"{0: 17, 1: 0, 2: 0, 3: 0, 4: 0}",1
131,False,"{'a': 0.9, 'e': 5.8271662490530857e-05}",30,11,35.54908671485243,"{0: 19, 1: 0, 2: 0, 3: 0, 4: 0}",1
132,False,"{'a': 0.9, 'e': 5.73921028466483e-05}",20,3,30.757824484872817,"{0: 17, 1: 0, 2: 0, 3: 0, 4: 0}",1
133,False,"{'a': 0.9, 'e': 5.6532308214144386e-05}",20,10,17.571208390513057,"{0: 10, 1: 0, 2: 0, 3: 0, 4: 0}",1
134,False,"{'a': 0.9, 'e': 5.569169079973268e-05}",20,0,28.317910591519222,"{0: 20, 1: 0, 2: 0, 3: 0, 4: 0}",0
135,False,"{'a': 0.9, 'e': 5.486968449931413e-05}",30,0,46.39986063156367,"{0: 30, 1: 0, 2: 0, 3: 0, 4: 0}",0
136,False,"{'a': 0.9, 'e': 5.406574394463668e-05}",20,8,21.337590513379507,"{0: 12, 1: 0, 2: 0, 3: 0, 4: 0}",1
137,False,"{'a': 0.9, 'e': 5.3279343598486864e-05}",25,16,15.40167899969382,"{0: 9, 1: 0, 2: 0, 3: 0, 4: 0}",1
138,False,"{'a': 0.9, 'e': 5.250997689561017e-05}",20,15,10.625530862250503,"{0: 5, 1: 0, 2: 0, 3: 0, 4: 0}",1
139,False,"{'a': 0.9, 'e': 5.175715542673774e-05}",25,14,17.5027007686595,"{0: 11, 1: 0, 2: 0, 3: 0, 4: 0}",1
140,False,"{'a': 0.9, 'e': 5.102040816326531e-05}",20,13,12.3463341212406,"{0: 7, 1: 0, 2: 0, 3: 0, 4: 0}",1
141,False,"{'a': 0.9, 'e': 5.02992807202857e-05}",20,5,25.87740457871552,"{0: 15, 1: 0, 2: 0, 3: 0, 4: 0}",1
142,False,"{'a': 0.9, 'e': 4.959333465582226e-05}",35,23,20.39396148689538,"{0: 12, 1: 0, 2: 0, 3: 0, 4: 0}",1
143,False,"{'a': 0.9, 'e': 4.8902146804244705e-05}",25,13,22.34609203501144,"{0: 12, 1: 0, 2: 0, 3: 0, 4: 0}",1
144,False,"{'a': 0.9, 'e': 4.8225308641975306e-05}",25,19,11.414502515597407,"{0: 6, 1: 0, 2: 0, 3: 0, 4: 0}",1
145,False,"{'a': 0.9, 'e': 4.756242568370987e-05}",20,8,22.196764391333833,"{0: 12, 1: 0, 2: 0, 3: 0, 4: 0}",1
146,False,"{'a': 0.9, 'e': 4.6913116907487336e-05}",25,15,18.078851684645898,"{0: 10, 1: 0, 2: 0, 3: 0, 4: 0}",1
147,False,"{'a': 0.9, 'e': 4.627701420704336e-05}",20,13,12.088825084877218,"{0: 7, 1: 0, 2: 0, 3: 0, 4: 0}",1
148,False,"{'a': 0.9, 'e': 4.565376186997809e-05}",30,9,30.822461401061712,"{0: 21, 1: 0, 2: 0, 3: 0, 4: 0}",1
149,False,"{'a': 0.9, 'e': 4.504301608035674e-05}",20,3,31.78932866663475,"{0: 17, 1: 0, 2: 0, 3: 0, 4: 0}",1
150,False,"{'a': 0.9, 'e': 4.4444444444444447e-05}",25,5,34.9645081975151,"{0: 20, 1: 0, 2: 0, 3: 0, 4: 0}",1
151,False,"{'a': 0.9, 'e': 4.385772553835358e-05}",25,13,-1.0958415114832922,"{0: 11, 1: 0, 2: 0, 3: 1, 4: 0}",1
152,False,"{'a': 0.9, 'e': 4.3282548476454294e-05}",20,13,13.356702555729157,"{0: 7, 1: 0, 2: 0, 3: 0, 4: 0}",1
153,False,"{'a': 0.9, 'e': 4.2718612499466016e-05}",25,13,23.458264112238215,"{0: 12, 1: 0, 2: 0, 3: 0, 4: 0}",1
154,False,"{'a': 0.9, 'e': 4.2165626581210996e-05}",20,9,20.43700425695529,"{0: 11, 1: 0, 2: 0, 3: 0, 4: 0}",1
155,False,"{'a': 0.9, 'e': 4.162330905306972e-05}",25,7,26.679801853209696,"{0: 18, 1: 0, 2: 0, 3: 0, 4: 0}",1
156,False,"{'a': 0.9, 'e': 4.10913872452334e-05}",20,6,25.83289005770563,"{0: 14, 1: 0, 2: 0, 3: 0, 4: 0}",1
157,False,"{'a': 0.9, 'e': 4.056959714390036e-05}",20,12,17.24900913589815,"{0: 8, 1: 0, 2: 0, 3: 0, 4: 0}",1
158,False,"{'a': 0.9, 'e': 4.00576830636116e-05}",25,14,20.371876769428713,"{0: 11, 1: 0, 2: 0, 3: 0, 4: 0}",1
159,False,"{'a': 0.9, 'e': 3.955539733396622e-05}",25,14,21.94834567887155,"{0: 11, 1: 0, 2: 0, 3: 0, 4: 0}",1
160,False,"{'a': 0.9, 'e': 3.90625e-05}",30,22,14.501845750289199,"{0: 8, 1: 0, 2: 0, 3: 0, 4: 0}",1
161,False,"{'a': 0.9, 'e': 3.8578758535550326e-05}",30,16,24.607482380000782,"{0: 14, 1: 0, 2: 0, 3: 0, 4: 0}",1
162,False,"{'a': 0.9, 'e': 3.8103947568968146e-05}",20,16,8.113269763018371,"{0: 4, 1: 0, 2: 0, 3: 0, 4: 0}",1
163,False,"{'a': 0.9, 'e': 3.7637848620572846e-05}",25,13,22.662144341887913,"{0: 12, 1: 0, 2: 0, 3: 0, 4: 0}",1
164,False,"{'a': 0.9, 'e': 3.7180249851279e-05}",25,15,17.17533106414615,"{0: 10, 1: 0, 2: 0, 3: 0, 4: 0}",1
165,False,"{'a': 0.9, 'e': 3.6730945821854914e-05}",20,6,22.71602245180593,"{0: 14, 1: 0, 2: 0, 3: 0, 4: 0}",1
166,False,"{'a': 0.9, 'e': 3.628973726230222e-05}",20,6,22.32184845970754,"{0: 14, 1: 0, 2: 0, 3: 0, 4: 0}",1
167,False,"{'a': 0.9, 'e': 3.58564308508731e-05}",30,1,41.63132736415796,"{0: 29, 1: 0, 2: 0, 3: 0, 4: 0}",1
168,False,"{'a': 0.9, 'e': 3.5430839002267575e-05}",20,8,11.120620401717101,"{0: 11, 1: 1, 2: 0, 3: 0, 4: 0}",1
169,False,"{'a': 0.9, 'e': 3.501277966457757e-05}",25,7,31.25706156563709,"{0: 18, 1: 0, 2: 0, 3: 0, 4: 0}",1
170,False,"{'a': 0.9, 'e': 3.460207612456748e-05}",25,18,14.296478838907628,"{0: 7, 1: 0, 2: 0, 3: 0, 4: 0}",1
171,False,"{'a': 0.9, 'e': 3.419855682090216e-05}",30,22,15.243629365551422,"{0: 8, 1: 0, 2: 0, 3: 0, 4: 0}",1
172,False,"{'a': 0.9, 'e': 3.380205516495403e-05}",25,9,28.50154422244077,"{0: 16, 1: 0, 2: 0, 3: 0, 4: 0}",1
173,False,"{'a': 0.9, 'e': 3.3412409368839586e-05}",25,4,33.84283177108753,"{0: 21, 1: 0, 2: 0, 3: 0, 4: 0}",1
174,False,"{'a': 0.9, 'e': 3.302946228035408e-05}",20,6,23.70135045020971,"{0: 14, 1: 0, 2: 0, 3: 0, 4: 0}",1
175,False,"{'a': 0.9, 'e': 3.265306122448979e-05}",25,8,31.54565610577782,"{0: 17, 1: 0, 2: 0, 3: 0, 4: 0}",1
176,False,"{'a': 0.9, 'e': 3.228305785123967e-05}",30,8,38.04624322133334,"{0: 22, 1: 0, 2: 0, 3: 0, 4: 0}",1
177,False,"{'a': 0.9, 'e': 3.191930798940279e-05}",20,3,33.19702083480164,"{0: 17, 1: 0, 2: 0, 3: 0, 4: 0}",1
178,False,"{'a': 0.9, 'e': 3.156167150612296e-05}",20,2,30.337677800189425,"{0: 18, 1: 0, 2: 0, 3: 0, 4: 0}",1
179,False,"{'a': 0.9, 'e': 3.121001217190475e-05}",25,8,36.537772984535124,"{0: 17, 1: 0, 2: 0, 3: 0, 4: 0}",1
180,False,"{'a': 0.9, 'e': 3.08641975308642e-05}",20,0,26.89408815988661,"{0: 20, 1: 0, 2: 0, 3: 0, 4: 0}",0
181,False,"{'a': 0.9, 'e': 3.0524098775983637e-05}",20,16,6.464386621256743,"{0: 4, 1: 0, 2: 0, 3: 0, 4: 0}",1
182,False,"{'a': 0.9, 'e': 3.0189590629151068e-05}",20,8,24.88980375552727,"{0: 12, 1: 0, 2: 0, 3: 0, 4: 0}",1
183,False,"{'a': 0.9, 'e': 2.986055122577563e-05}",25,3,34.26051989635736,"{0: 22, 1: 0, 2: 0, 3: 0, 4: 0}",1
184,False,"{'a': 0.9, 'e': 2.953686200378072e-05}",20,12,15.56359767337188,"{0: 8, 1: 0, 2: 0, 3: 0, 4: 0}",1
185,False,"{'a': 0.9, 'e': 2.9218407596785974e-05}",20,0,30.441447828276267,"{0: 20, 1: 0, 2: 0, 3: 0, 4: 0}",1
186,False,"{'a': 0.9, 'e': 2.8905075731298415e-05}",30,10,9.557886910712497,"{0: 19, 1: 0, 2: 0, 3: 1, 4: 0}",1
187,False,"{'a': 0.9, 'e': 2.8596757127741712e-05}",25,7,26.449032083332177,"{0: 18, 1: 0, 2: 0, 3: 0, 4: 0}",1
188,False,"{'a': 0.9, 'e': 2.8293345405160706e-05}",25,10,29.857685425406167,"{0: 15, 1: 0, 2: 0, 3: 0, 4: 0}",1
189,False,"{'a': 0.9, 'e': 2.7994736989445986e-05}",20,10,15.56977958775786,"{0: 10, 1: 0, 2: 0, 3: 0, 4: 0}",1
190,False,"{'a': 0.9, 'e': 2.7700831024930747e-05}",25,10,24.413636276370095,"{0: 15, 1: 0, 2: 0, 3: 0, 4: 0}",1
191,False,"{'a': 0.9, 'e': 2.7411529289219047e-05}",20,9,18.334343480824607,"{0: 11, 1: 0, 2: 0, 3: 0, 4: 0}",1
192,False,"{'a': 0.9, 'e': 2.712673611111111e-05}",25,9,25.04856588099527,"{0: 16, 1: 0, 2: 0, 3: 0, 4: 0}",1
193,False,"{'a': 0.9, 'e': 2.684635829149776e-05}",30,8,38.49612680285683,"{0: 22, 1: 0, 2: 0, 3: 0, 4: 0}",1
194,False,"{'a': 0.9, 'e': 2.6570305027101713e-05}",25,19,8.258323399359393,"{0: 6, 1: 0, 2: 0, 3: 0, 4: 0}",1
195,False,"{'a': 0.9, 'e': 2.6298487836949376e-05}",25,10,29.617357376601127,"{0: 15, 1: 0, 2: 0, 3: 0, 4: 0}",1
196,False,"{'a': 0.9, 'e': 2.6030820491461892e-05}",20,0,20.74146996410822,"{0: 19, 1: 0, 2: 1, 3: 0, 4: 0}",0
197,False,"{'a': 0.9, 'e': 2.5767218944059367e-05}",25,18,11.114054065986483,"{0: 7, 1: 0, 2: 0, 3: 0, 4: 0}",1
198,False,"{'a': 0.9, 'e': 2.5507601265177022e-05}",20,9,20.98046776475077,"{0: 11, 1: 0, 2: 0, 3: 0, 4: 0}",1
199,False,"{'a': 0.9, 'e': 2.52518875785965e-05}",30,6,41.755070595270844,"{0: 24, 1: 0, 2: 0, 3: 0, 4: 0}",1
200,False,"{'a': 0.9, 'e': 2.5e-05}",30,10,31.775407012336533,"{0: 20, 1: 0, 2: 0, 3: 0, 4: 0}",1
201,False,"{'a': 0.9, 'e': 2.475186257765897e-05}",25,7,30.929706829327205,"{0: 18, 1: 0, 2: 0, 3: 0, 4: 0}",1
202,False,"{'a': 0.9, 'e': 2.4507401235173024e-05}",25,16,18.14717994770126,"{0: 9, 1: 0, 2: 0, 3: 0, 4: 0}",1
203,False,"{'a': 0.9, 'e': 2.4266543716178503e-05}",25,17,12.654563717025148,"{0: 8, 1: 0, 2: 0, 3: 0, 4: 0}",1
204,False,"{'a': 0.9, 'e': 2.4029219530949635e-05}",20,11,18.99716035643074,"{0: 9, 1: 0, 2: 0, 3: 0, 4: 0}",1
205,False,"{'a': 0.9, 'e': 2.379535990481856e-05}",30,15,28.59964424572931,"{0: 15, 1: 0, 2: 0, 3: 0, 4: 0}",1
206,False,"{'a': 0.9, 'e': 2.356489772834386e-05}",25,13,26.43302626507869,"{0: 12, 1: 0, 2: 0, 3: 0, 4: 0}",1
207,False,"{'a': 0.9, 'e': 2.3337767509160075e-05}",25,9,27.736022340808596,"{0: 16, 1: 0, 2: 0, 3: 0, 4: 0}",1
208,False,"{'a': 0.9, 'e': 2.3113905325443786e-05}",20,6,27.21944636358846,"{0: 14, 1: 0, 2: 0, 3: 0, 4: 0}",1
209,False,"{'a': 0.9, 'e': 2.2893248780934502e-05}",25,12,25.90830642954584,"{0: 13, 1: 0, 2: 0, 3: 0, 4: 0}",1
210,False,"{'a': 0.9, 'e': 2.2675736961451248e-05}",25,15,16.46219146807065,"{0: 10, 1: 0, 2: 0, 3: 0, 4: 0}",1
211,False,"{'a': 0.9, 'e': 2.246131039284832e-05}",20,6,25.64904453837556,"{0: 14, 1: 0, 2: 0, 3: 0, 4: 0}",1
212,False,"{'a': 0.9, 'e': 2.2249911000356e-05}",20,14,9.577414237429908,"{0: 6, 1: 0, 2: 0, 3: 0, 4: 0}",1
213,False,"{'a': 0.9, 'e': 2.2041482069254335e-05}",20,3,26.599616885519566,"{0: 17, 1: 0, 2: 0, 3: 0, 4: 0}",1
214,False,"{'a': 0.9, 'e': 2.1835968206830292e-05}",25,13,20.02706851603317,"{0: 12, 1: 0, 2: 0, 3: 0, 4: 0}",1
215,False,"{'a': 0.9, 'e': 2.1633315305570577e-05}",20,14,10.311423169221126,"{0: 6, 1: 0, 2: 0, 3: 0, 4: 0}",1
216,False,"{'a': 0.9, 'e': 2.1433470507544583e-05}",20,14,10.269186556594589,"{0: 6, 1: 0, 2: 0, 3: 0, 4: 0}",1
217,False,"{'a': 0.9, 'e': 2.123638216993353e-05}",25,13,20.19334610094059,"{0: 12, 1: 0, 2: 0, 3: 0, 4: 0}",1
218,False,"{'a': 0.9, 'e': 2.1041999831664002e-05}",25,15,16.206137287300614,"{0: 10, 1: 0, 2: 0, 3: 0, 4: 0}",1
219,False,"{'a': 0.9, 'e': 2.085027418110548e-05}",30,12,29.41188761146836,"{0: 18, 1: 0, 2: 0, 3: 0, 4: 0}",1
220,False,"{'a': 0.9, 'e': 2.066115702479339e-05}",25,15,17.758445941780217,"{0: 10, 1: 0, 2: 0, 3: 0, 4: 0}",1
221,False,"{'a': 0.9, 'e': 2.047460125714052e-05}",25,18,13.920972548429287,"{0: 7, 1: 0, 2: 0, 3: 0, 4: 0}",1
222,False,"{'a': 0.9, 'e': 2.029056083110137e-05}",30,12,31.26990068711925,"{0: 18, 1: 0, 2: 0, 3: 0, 4: 0}",1
223,False,"{'a': 0.9, 'e': 2.0108990729755275e-05}",35,23,22.589031643902178,"{0: 12, 1: 0, 2: 0, 3: 0, 4: 0}",1
224,False,"{'a': 0.9, 'e': 1.992984693877551e-05}",20,10,19.68142519099542,"{0: 10, 1: 0, 2: 0, 3: 0, 4: 0}",1
225,False,"{'a': 0.9, 'e': 1.9753086419753087e-05}",30,20,17.101104256629007,"{0: 10, 1: 0, 2: 0, 3: 0, 4: 0}",1
226,False,"{'a': 0.9, 'e': 1.9578667084344897e-05}",20,4,24.351688596254426,"{0: 16, 1: 0, 2: 0, 3: 0, 4: 0}",1
227,False,"{'a': 0.9, 'e': 1.9406547769217335e-05}",20,13,14.803298326992161,"{0: 7, 1: 0, 2: 0, 3: 0, 4: 0}",1
228,False,"{'a': 0.9, 'e': 1.9236688211757463e-05}",20,16,6.700880363776861,"{0: 4, 1: 0, 2: 0, 3: 0, 4: 0}",1
229,False,"{'a': 0.9, 'e': 1.9069049026525047e-05}",30,14,29.87415025647094,"{0: 16, 1: 0, 2: 0, 3: 0, 4: 0}",1
230,False,"{'a': 0.9, 'e': 1.890359168241966e-05}",20,12,16.378999774946497,"{0: 8, 1: 0, 2: 0, 3: 0, 4: 0}",1
231,False,"{'a': 0.9, 'e': 1.874027848053822e-05}",25,0,44.17461368865946,"{0: 25, 1: 0, 2: 0, 3: 0, 4: 0}",0
232,False,"{'a': 0.9, 'e': 1.857907253269917e-05}",20,11,18.58139698242077,"{0: 9, 1: 0, 2: 0, 3: 0, 4: 0}",1
233,False,"{'a': 0.9, 'e': 1.8419937740610438e-05}",20,14,11.047339026709517,"{0: 6, 1: 0, 2: 0, 3: 0, 4: 0}",1
234,False,"{'a': 0.9, 'e': 1.826283877565929e-05}",20,9,18.717787515503698,"{0: 11, 1: 0, 2: 0, 3: 0, 4: 0}",1
235,False,"{'a': 0.9, 'e': 1.8107741059302852e-05}",25,18,15.719154503363642,"{0: 7, 1: 0, 2: 0, 3: 0, 4: 0}",1
236,False,"{'a': 0.9, 'e': 1.795461074403907e-05}",20,12,12.563046269051988,"{0: 8, 1: 0, 2: 0, 3: 0, 4: 0}",1
237,False,"{'a': 0.9, 'e': 1.780341469493849e-05}",20,9,25.185537046948458,"{0: 11, 1: 0, 2: 0, 3: 0, 4: 0}",1
238,False,"{'a': 0.9, 'e': 1.76541204717181e-05}",20,16,7.945161737693111,"{0: 4, 1: 0, 2: 0, 3: 0, 4: 0}",1
239,False,"{'a': 0.9, 'e': 1.7506696311339088e-05}",20,12,18.141669721980147,"{0: 8, 1: 0, 2: 0, 3: 0, 4: 0}",1
240,False,"{'a': 0.9, 'e': 1.736111111111111e-05}",25,13,17.976306402501635,"{0: 12, 1: 0, 2: 0, 3: 0, 4: 0}",1
241,False,"{'a': 0.9, 'e': 1.721733441228629e-05}",20,3,28.9371143269909,"{0: 17, 1: 0, 2: 0, 3: 0, 4: 0}",1
242,False,"{'a': 0.9, 'e': 1.7075336384126766e-05}",30,16,23.791407110148743,"{0: 14, 1: 0, 2: 0, 3: 0, 4: 0}",1
243,False,"{'a': 0.9, 'e': 1.6935087808430286e-05}",25,3,38.35928386471694,"{0: 22, 1: 0, 2: 0, 3: 0, 4: 0}",1
244,False,"{'a': 0.9, 'e': 1.679656006449879e-05}",30,16,22.861782524890067,"{0: 14, 1: 0, 2: 0, 3: 0, 4: 0}",1
245,False,"{'a': 0.9, 'e': 1.665972511453561e-05}",20,12,14.478249044477206,"{0: 8, 1: 0, 2: 0, 3: 0, 4: 0}",1
246,False,"{'a': 0.9, 'e': 1.6524555489457333e-05}",20,0,31.997730947224234,"{0: 20, 1: 0, 2: 0, 3: 0, 4: 0}",0
247,False,"{'a': 0.9, 'e': 1.6391024275106952e-05}",20,12,14.332548520828439,"{0: 8, 1: 0, 2: 0, 3: 0, 4: 0}",1
248,False,"{'a': 0.9, 'e': 1.625910509885536e-05}",20,12,16.61802920440499,"{0: 8, 1: 0, 2: 0, 3: 0, 4: 0}",1
249,False,"{'a': 0.9, 'e': 1.6128772116578765e-05}",20,0,30.245581960731396,"{0: 20, 1: 0, 2: 0, 3: 0, 4: 0}",0
250,False,"{'a': 0.9, 'e': 1.6e-05}",25,7,27.18797415037424,"{0: 18, 1: 0, 2: 0, 3: 0, 4: 0}",1
251,False,"{'a': 0.9, 'e': 1.5872763924382153e-05}",35,21,23.431206967390658,"{0: 14, 1: 0, 2: 0, 3: 0, 4: 0}",1
252,False,"{'a': 0.9, 'e': 1.5747039556563368e-05}",20,13,11.106883286418633,"{0: 7, 1: 0, 2: 0, 3: 0, 4: 0}",1
253,False,"{'a': 0.9, 'e': 1.5622803043322032e-05}",20,6,20.622345952528626,"{0: 14, 1: 0, 2: 0, 3: 0, 4: 0}",1
254,False,"{'a': 0.9, 'e': 1.5500031000062e-05}",35,12,38.205337294116596,"{0: 23, 1: 0, 2: 0, 3: 0, 4: 0}",1
255,False,"{'a': 0.9, 'e': 1.5378700499807765e-05}",20,0,27.388043026823894,"{0: 20, 1: 0, 2: 0, 3: 0, 4: 0}",0
256,False,"{'a': 0.9, 'e': 1.52587890625e-05}",20,11,18.268949316330687,"{0: 9, 1: 0, 2: 0, 3: 0, 4: 0}",1
257,False,"{'a': 0.9, 'e': 1.5140274644582053e-05}",25,12,26.517494201568187,"{0: 13, 1: 0, 2: 0, 3: 0, 4: 0}",1
258,False,"{'a': 0.9, 'e': 1.5023135628868457e-05}",25,12,26.066705749623452,"{0: 13, 1: 0, 2: 0, 3: 0, 4: 0}",1
259,False,"{'a': 0.9, 'e': 1.4907350814686721e-05}",30,14,31.620689865414548,"{0: 16, 1: 0, 2: 0, 3: 0, 4: 0}",1
260,False,"{'a': 0.9, 'e': 1.4792899408284024e-05}",25,3,34.29323217660378,"{0: 22, 1: 0, 2: 0, 3: 0, 4: 0}",1
261,False,"{'a': 0.9, 'e': 1.46797610134907e-05}",20,10,18.00442297881151,"{0: 10, 1: 0, 2: 0, 3: 0, 4: 0}",1
262,False,"{'a': 0.9, 'e': 1.4567915622632714e-05}",25,6,27.07194035299421,"{0: 19, 1: 0, 2: 0, 3: 0, 4: 0}",1
263,False,"{'a': 0.9, 'e': 1.4457343607685523e-05}",25,12,23.345694371795556,"{0: 13, 1: 0, 2: 0, 3: 0, 4: 0}",1
264,False,"{'a': 0.9, 'e': 1.4348025711662075e-05}",30,17,23.22080096704851,"{0: 13, 1: 0, 2: 0, 3: 0, 4: 0}",1
265,False,"{'a': 0.9, 'e': 1.423994304022784e-05}",35,15,33.248236456357354,"{0: 20, 1: 0, 2: 0, 3: 0, 4: 0}",1
266,False,"{'a': 0.9, 'e': 1.4133077053536096e-05}",25,10,25.650801568228516,"{0: 15, 1: 0, 2: 0, 3: 0, 4: 0}",1
267,False,"{'a': 0.9, 'e': 1.4027409558276873e-05}",30,11,19.926489143592406,"{0: 18, 1: 0, 2: 1, 3: 0, 4: 0}",1
268,False,"{'a': 0.9, 'e': 1.392292269993317e-05}",20,0,27.154514170013883,"{0: 20, 1: 0, 2: 0, 3: 0, 4: 0}",0
269,False,"{'a': 0.9, 'e': 1.381959895523832e-05}",25,6,25.131662819521257,"{0: 18, 1: 0, 2: 1, 3: 0, 4: 0}",1
270,False,"{'a': 0.9, 'e': 1.3717421124828532e-05}",20,2,31.289135709508194,"{0: 18, 1: 0, 2: 0, 3: 0, 4: 0}",1
271,False,"{'a': 0.9, 'e': 1.3616372326084885e-05}",25,7,28.593965753491553,"{0: 18, 1: 0, 2: 0, 3: 0, 4: 0}",1
272,False,"{'a': 0.9, 'e': 1.351643598615917e-05}",20,10,18.00716148287585,"{0: 10, 1: 0, 2: 0, 3: 0, 4: 0}",1
273,False,"{'a': 0.9, 'e': 1.3417595835178253e-05}",20,14,11.502786307998893,"{0: 6, 1: 0, 2: 0, 3: 0, 4: 0}",1
274,False,"{'a': 0.9, 'e': 1.3319835899621716e-05}",20,11,14.57506773036241,"{0: 9, 1: 0, 2: 0, 3: 0, 4: 0}",1
275,False,"{'a': 0.9, 'e': 1.3223140495867768e-05}",20,10,21.635168864336368,"{0: 10, 1: 0, 2: 0, 3: 0, 4: 0}",1
276,False,"{'a': 0.9, 'e': 1.3127494223902542e-05}",25,7,32.94650904926871,"{0: 18, 1: 0, 2: 0, 3: 0, 4: 0}",1
277,False,"{'a': 0.9, 'e': 1.3032881961188077e-05}",25,14,22.38172282104524,"{0: 11, 1: 0, 2: 0, 3: 0, 4: 0}",1
278,False,"{'a': 0.9, 'e': 1.2939288856684436e-05}",20,10,17.125045657310828,"{0: 10, 1: 0, 2: 0, 3: 0, 4: 0}",1
279,False,"{'a': 0.9, 'e': 1.2846700325021518e-05}",20,7,28.131407303035413,"{0: 13, 1: 0, 2: 0, 3: 0, 4: 0}",1
280,False,"{'a': 0.9, 'e': 1.2755102040816327e-05}",20,8,23.788989286153654,"{0: 12, 1: 0, 2: 0, 3: 0, 4: 0}",1
281,False,"{'a': 0.9, 'e': 1.2664479933131545e-05}",30,8,38.05560487582773,"{0: 22, 1: 0, 2: 0, 3: 0, 4: 0}",1
282,False,"{'a': 0.9, 'e': 1.2574820180071425e-05}",20,2,24.785258055374104,"{0: 18, 1: 0, 2: 0, 3: 0, 4: 0}",1
283,False,"{'a': 0.9, 'e': 1.2486109203511094e-05}",20,10,15.429960076903729,"{0: 10, 1: 0, 2: 0, 3: 0, 4: 0}",1
284,False,"{'a': 0.9, 'e': 1.2398333663955564e-05}",30,14,29.965309044362968,"{0: 16, 1: 0, 2: 0, 3: 0, 4: 0}",1
285,False,"{'a': 0.9, 'e': 1.2311480455524777e-05}",20,11,16.76005490923879,"{0: 9, 1: 0, 2: 0, 3: 0, 4: 0}",1
286,False,"{'a': 0.9, 'e': 1.2225536701061176e-05}",25,14,18.36988099548129,"{0: 11, 1: 0, 2: 0, 3: 0, 4: 0}",1
287,False,"{'a': 0.9, 'e': 1.2140489747356409e-05}",30,18,16.78220403434315,"{0: 12, 1: 0, 2: 0, 3: 0, 4: 0}",1
288,False,"{'a': 0.9, 'e': 1.2056327160493826e-05}",20,2,29.229985028080556,"{0: 18, 1: 0, 2: 0, 3: 0, 4: 0}",1
289,False,"{'a': 0.9, 'e': 1.1973036721303624e-05}",25,14,20.595204011327564,"{0: 11, 1: 0, 2: 0, 3: 0, 4: 0}",1
290,False,"{'a': 0.9, 'e': 1.1890606420927467e-05}",20,16,6.281262666779016,"{0: 4, 1: 0, 2: 0, 3: 0, 4: 0}",1
291,False,"{'a': 0.9, 'e': 1.1809024456489649e-05}",25,20,9.908083703742404,"{0: 5, 1: 0, 2: 0, 3: 0, 4: 0}",1
292,False,"{'a': 0.9, 'e': 1.1728279226871834e-05}",20,6,18.206943474769556,"{0: 14, 1: 0, 2: 0, 3: 0, 4: 0}",1
293,False,"{'a': 0.9, 'e': 1.1648359328588568e-05}",20,0,29.49388921528587,"{0: 20, 1: 0, 2: 0, 3: 0, 4: 0}",0
294,False,"{'a': 0.9, 'e': 1.156925355176084e-05}",20,14,11.525398663108637,"{0: 6, 1: 0, 2: 0, 3: 0, 4: 0}",1
295,False,"{'a': 0.9, 'e': 1.1490950876185005e-05}",25,13,25.30480800379255,"{0: 12, 1: 0, 2: 0, 3: 0, 4: 0}",1
296,False,"{'a': 0.9, 'e': 1.1413440467494522e-05}",20,7,23.718617582843706,"{0: 13, 1: 0, 2: 0, 3: 0, 4: 0}",1
297,False,"{'a': 0.9, 'e': 1.1336711673412011e-05}",25,1,40.087166036702264,"{0: 24, 1: 0, 2: 0, 3: 0, 4: 0}",1
298,False,"{'a': 0.9, 'e': 1.1260754020089185e-05}",20,13,13.791879941845833,"{0: 7, 1: 0, 2: 0, 3: 0, 4: 0}",1
299,False,"{'a': 0.9, 'e': 1.1185557208532343e-05}",30,18,21.6133953033568,"{0: 12, 1: 0, 2: 0, 3: 0, 4: 0}",1
300,False,"{'a': 0.9, 'e': 1.1111111111111112e-05}",30,22,14.50500458736842,"{0: 8, 1: 0, 2: 0, 3: 0, 4: 0}",1
301,False,"{'a': 0.9, 'e': 1.1037405768148255e-05}",20,7,20.818162624096818,"{0: 13, 1: 0, 2: 0, 3: 0, 4: 0}",1
302,False,"{'a': 0.9, 'e': 1.0964431384588396e-05}",20,14,11.722383755560504,"{0: 6, 1: 0, 2: 0, 3: 0, 4: 0}",1
303,False,"{'a': 0.9, 'e': 1.0892178326743566e-05}",35,13,37.0098447616558,"{0: 22, 1: 0, 2: 0, 3: 0, 4: 0}",1
304,False,"{'a': 0.9, 'e': 1.0820637119113573e-05}",25,18,14.773784954310166,"{0: 7, 1: 0, 2: 0, 3: 0, 4: 0}",1
305,False,"{'a': 0.9, 'e': 1.0749798441279227e-05}",25,13,23.994540644373558,"{0: 12, 1: 0, 2: 0, 3: 0, 4: 0}",1
306,False,"{'a': 0.9, 'e': 1.0679653124866504e-05}",25,15,19.9549700302543,"{0: 10, 1: 0, 2: 0, 3: 0, 4: 0}",1
307,False,"{'a': 0.9, 'e': 1.0610192150579848e-05}",20,8,23.20949541876662,"{0: 12, 1: 0, 2: 0, 3: 0, 4: 0}",1
308,False,"{'a': 0.9, 'e': 1.0541406645302749e-05}",25,11,21.61095686973767,"{0: 14, 1: 0, 2: 0, 3: 0, 4: 0}",1
309,False,"{'a': 0.9, 'e': 1.0473287879263938e-05}",20,11,14.33937598440581,"{0: 9, 1: 0, 2: 0, 3: 0, 4: 0}",1
310,False,"{'a': 0.9, 'e': 1.040582726326743e-05}",30,13,26.63262212465027,"{0: 17, 1: 0, 2: 0, 3: 0, 4: 0}",1
311,False,"{'a': 0.9, 'e': 1.0339016345984843e-05}",25,11,29.618446838707595,"{0: 14, 1: 0, 2: 0, 3: 0, 4: 0}",1
312,False,"{'a': 0.9, 'e': 1.027284681130835e-05}",20,5,24.801529843512984,"{0: 15, 1: 0, 2: 0, 3: 0, 4: 0}",1
313,False,"{'a': 0.9, 'e': 1.0207310475762742e-05}",25,5,33.83185492474983,"{0: 20, 1: 0, 2: 0, 3: 0, 4: 0}",1
314,False,"{'a': 0.9, 'e': 1.014239928597509e-05}",20,15,11.111838503936987,"{0: 5, 1: 0, 2: 0, 3: 0, 4: 0}",1
315,False,"{'a': 0.9, 'e': 1.0078105316200555e-05}",20,12,16.074957746688476,"{0: 8, 1: 0, 2: 0, 3: 0, 4: 0}",1
316,False,"{'a': 0.9, 'e': 1.00144207659029e-05}",35,27,16.573643176799486,"{0: 8, 1: 0, 2: 0, 3: 0, 4: 0}",1
317,False,"{'a': 0.9, 'e': 9.95133795738837e-06}",30,18,21.069173813647186,"{0: 12, 1: 0, 2: 0, 3: 0, 4: 0}",1
318,False,"{'a': 0.9, 'e': 9.888849333491555e-06}",20,10,17.10841874379773,"{0: 10, 1: 0, 2: 0, 3: 0, 4: 0}",1
319,False,"{'a': 0.9, 'e': 9.826947455311957e-06}",20,0,32.00203737012689,"{0: 20, 1: 0, 2: 0, 3: 0, 4: 0}",0
320,False,"{'a': 0.9, 'e': 9.765625e-06}",25,9,24.08487867532315,"{0: 16, 1: 0, 2: 0, 3: 0, 4: 0}",1
321,False,"{'a': 0.9, 'e': 9.70487475859124e-06}",25,3,34.36387437803772,"{0: 22, 1: 0, 2: 0, 3: 0, 4: 0}",1
322,False,"{'a': 0.9, 'e': 9.644689633887581e-06}",30,4,45.27798475310096,"{0: 26, 1: 0, 2: 0, 3: 0, 4: 0}",1
323,False,"{'a': 0.9, 'e': 9.585062638384341e-06}",20,7,23.823232919742413,"{0: 13, 1: 0, 2: 0, 3: 0, 4: 0}",1
324,False,"{'a': 0.9, 'e': 9.525986892242037e-06}",25,10,28.50911416944659,"{0: 15, 1: 0, 2: 0, 3: 0, 4: 0}",1
325,False,"{'a': 0.9, 'e': 9.467455621301774e-06}",25,15,20.11124766504595,"{0: 10, 1: 0, 2: 0, 3: 0, 4: 0}",1
326,False,"{'a': 0.9, 'e': 9.409462155143212e-06}",25,6,31.629717632356847,"{0: 19, 1: 0, 2: 0, 3: 0, 4: 0}",1
327,False,"{'a': 0.9, 'e': 9.351999925184e-06}",20,4,30.41330567522381,"{0: 16, 1: 0, 2: 0, 3: 0, 4: 0}",1
328,False,"{'a': 0.9, 'e': 9.29506246281975e-06}",20,13,12.05005403754166,"{0: 7, 1: 0, 2: 0, 3: 0, 4: 0}",1
329,False,"{'a': 0.9, 'e': 9.238643397603495e-06}",20,16,9.15007030748227,"{0: 4, 1: 0, 2: 0, 3: 0, 4: 0}",1
330,False,"{'a': 0.9, 'e': 9.182736455463728e-06}",25,7,34.28680315829427,"{0: 18, 1: 0, 2: 0, 3: 0, 4: 0}",1
331,False,"{'a': 0.9, 'e': 9.127335456960049e-06}",20,15,9.852620070873236,"{0: 5, 1: 0, 2: 0, 3: 0, 4: 0}",1
332,False,"{'a': 0.9, 'e': 9.072434315575554e-06}",20,1,28.73428564183858,"{0: 19, 1: 0, 2: 0, 3: 0, 4: 0}",1
333,False,"{'a': 0.9, 'e': 9.018027036045055e-06}",30,2,40.212363762354265,"{0: 28, 1: 0, 2: 0, 3: 0, 4: 0}",1
334,False,"{'a': 0.9, 'e': 8.964107712718276e-06}",20,6,27.07095120061817,"{0: 14, 1: 0, 2: 0, 3: 0, 4: 0}",1
335,False,"{'a': 0.9, 'e': 8.910670527957229e-06}",20,12,16.15240063929229,"{0: 8, 1: 0, 2: 0, 3: 0, 4: 0}",1
336,False,"{'a': 0.9, 'e': 8.857709750566894e-06}",20,9,18.777577732459367,"{0: 11, 1: 0, 2: 0, 3: 0, 4: 0}",1
337,False,"{'a': 0.9, 'e': 8.805219734258468e-06}",25,0,35.985674764807754,"{0: 25, 1: 0, 2: 0, 3: 0, 4: 0}",0
338,False,"{'a': 0.9, 'e': 8.753194916144393e-06}",25,5,28.233522922845772,"{0: 20, 1: 0, 2: 0, 3: 0, 4: 0}",1
339,False,"{'a': 0.9, 'e': 8.7016298152644e-06}",20,11,16.433005870464925,"{0: 9, 1: 0, 2: 0, 3: 0, 4: 0}",1
340,False,"{'a': 0.9, 'e': 8.65051903114187e-06}",20,10,17.769319887624153,"{0: 10, 1: 0, 2: 0, 3: 0, 4: 0}",1
341,False,"{'a': 0.9, 'e': 8.599857242369777e-06}",20,3,26.06615169930996,"{0: 17, 1: 0, 2: 0, 3: 0, 4: 0}",1
342,False,"{'a': 0.9, 'e': 8.54963920522554e-06}",20,8,22.715889131361873,"{0: 12, 1: 0, 2: 0, 3: 0, 4: 0}",1
343,False,"{'a': 0.9, 'e': 8.499859752314087e-06}",20,15,9.265679418772837,"{0: 5, 1: 0, 2: 0, 3: 0, 4: 0}",1
344,False,"{'a': 0.9, 'e': 8.450513791238508e-06}",20,13,10.049382131604055,"{0: 7, 1: 0, 2: 0, 3: 0, 4: 0}",1
345,False,"{'a': 0.9, 'e': 8.401596303297626e-06}",25,17,14.201284224116996,"{0: 8, 1: 0, 2: 0, 3: 0, 4: 0}",1
346,False,"{'a': 0.9, 'e': 8.353102342209896e-06}",25,15,19.06414424613841,"{0: 10, 1: 0, 2: 0, 3: 0, 4: 0}",1
347,False,"{'a': 0.9, 'e': 8.305027032862993e-06}",20,13,10.751316018465436,"{0: 7, 1: 0, 2: 0, 3: 0, 4: 0}",1
348,False,"{'a': 0.9, 'e': 8.25736557008852e-06}",20,8,23.41999600683245,"{0: 12, 1: 0, 2: 0, 3: 0, 4: 0}",1
349,False,"{'a': 0.9, 'e': 8.210113217461269e-06}",20,7,27.06532317792009,"{0: 13, 1: 0, 2: 0, 3: 0, 4: 0}",1
350,False,"{'a': 0.9, 'e': 8.163265306122448e-06}",25,11,25.345708301629085,"{0: 14, 1: 0, 2: 0, 3: 0, 4: 0}",1
351,False,"{'a': 0.9, 'e': 8.11681723362635e-06}",25,14,20.314793958912503,"{0: 11, 1: 0, 2: 0, 3: 0, 4: 0}",1
352,False,"{'a': 0.9, 'e': 8.070764462809918e-06}",25,17,16.542257952124466,"{0: 8, 1: 0, 2: 0, 3: 0, 4: 0}",1
353,False,"{'a': 0.9, 'e': 8.025102520684701e-06}",20,11,17.584305431221896,"{0: 9, 1: 0, 2: 0, 3: 0, 4: 0}",1
354,False,"{'a': 0.9, 'e': 7.979826997350698e-06}",30,16,31.94958079086883,"{0: 14, 1: 0, 2: 0, 3: 0, 4: 0}",1
355,False,"{'a': 0.9, 'e': 7.934933544931562e-06}",20,9,22.150138677987297,"{0: 11, 1: 0, 2: 0, 3: 0, 4: 0}",1
356,False,"{'a': 0.9, 'e': 7.89041787653074e-06}",20,11,17.49499918331772,"{0: 9, 1: 0, 2: 0, 3: 0, 4: 0}",1
357,False,"{'a': 0.9, 'e': 7.846275765208045e-06}",20,11,18.465758826598464,"{0: 9, 1: 0, 2: 0, 3: 0, 4: 0}",1
358,False,"{'a': 0.9, 'e': 7.802503042976187e-06}",20,0,28.635005968492198,"{0: 20, 1: 0, 2: 0, 3: 0, 4: 0}",0
359,False,"{'a': 0.9, 'e': 7.759095599816886e-06}",20,12,13.165384469251169,"{0: 8, 1: 0, 2: 0, 3: 0, 4: 0}",1
360,False,"{'a': 0.9, 'e': 7.71604938271605e-06}",30,13,28.4165128011061,"{0: 17, 1: 0, 2: 0, 3: 0, 4: 0}",1
361,False,"{'a': 0.9, 'e': 7.673360394717659e-06}",20,13,10.462871366015206,"{0: 7, 1: 0, 2: 0, 3: 0, 4: 0}",1
362,False,"{'a': 0.9, 'e': 7.631024693995909e-06}",30,8,33.79490950308452,"{0: 22, 1: 0, 2: 0, 3: 0, 4: 0}",1
363,False,"{'a': 0.9, 'e': 7.5890383929452295e-06}",35,23,22.730720078394167,"{0: 12, 1: 0, 2: 0, 3: 0, 4: 0}",1
364,False,"{'a': 0.9, 'e': 7.547397657287767e-06}",20,3,28.199793621571573,"{0: 17, 1: 0, 2: 0, 3: 0, 4: 0}",1
365,False,"{'a': 0.9, 'e': 7.5060987051979735e-06}",30,16,28.200914844271228,"{0: 14, 1: 0, 2: 0, 3: 0, 4: 0}",1
366,False,"{'a': 0.9, 'e': 7.465137806443907e-06}",25,7,-7.148059004607693,"{0: 17, 1: 0, 2: 0, 3: 0, 4: 1}",1
367,False,"{'a': 0.9, 'e': 7.4245112815448925e-06}",20,8,23.23208520212397,"{0: 12, 1: 0, 2: 0, 3: 0, 4: 0}",1
368,False,"{'a': 0.9, 'e': 7.38421550094518e-06}",20,0,31.608315154896086,"{0: 20, 1: 0, 2: 0, 3: 0, 4: 0}",0
369,False,"{'a': 0.9, 'e': 7.344246884203259e-06}",20,6,22.65878711314251,"{0: 14, 1: 0, 2: 0, 3: 0, 4: 0}",1
370,False,"{'a': 0.9, 'e': 7.3046018991964936e-06}",20,13,12.382011446952284,"{0: 7, 1: 0, 2: 0, 3: 0, 4: 0}",1
371,False,"{'a': 0.9, 'e': 7.2652770613407345e-06}",30,13,30.62725265237183,"{0: 17, 1: 0, 2: 0, 3: 0, 4: 0}",1
372,False,"{'a': 0.9, 'e': 7.226268932824604e-06}",35,3,50.3677074403034,"{0: 32, 1: 0, 2: 0, 3: 0, 4: 0}",1
373,False,"{'a': 0.9, 'e': 7.187574121858132e-06}",30,0,46.151825750890154,"{0: 30, 1: 0, 2: 0, 3: 0, 4: 0}",0
374,False,"{'a': 0.9, 'e': 7.149189281935428e-06}",20,0,28.714542847990902,"{0: 20, 1: 0, 2: 0, 3: 0, 4: 0}",0
375,False,"{'a': 0.9, 'e': 7.111111111111111e-06}",25,7,33.89068321431781,"{0: 18, 1: 0, 2: 0, 3: 0, 4: 0}",1
376,False,"{'a': 0.9, 'e': 7.0733363512901765e-06}",30,17,22.893353630140393,"{0: 13, 1: 0, 2: 0, 3: 0, 4: 0}",1
377,False,"{'a': 0.9, 'e': 7.035861787531046e-06}",20,13,16.456182871946922,"{0: 7, 1: 0, 2: 0, 3: 0, 4: 0}",1
378,False,"{'a': 0.9, 'e': 6.9986842473614964e-06}",25,13,23.767894002947,"{0: 12, 1: 0, 2: 0, 3: 0, 4: 0}",1
379,False,"{'a': 0.9, 'e': 6.961800600107212e-06}",20,1,26.958821229648745,"{0: 19, 1: 0, 2: 0, 3: 0, 4: 0}",1
380,False,"{'a': 0.9, 'e': 6.925207756232687e-06}",25,16,18.997245385405893,"{0: 9, 1: 0, 2: 0, 3: 0, 4: 0}",1
381,False,"{'a': 0.9, 'e': 6.888902666694223e-06}",20,12,10.888046452601426,"{0: 8, 1: 0, 2: 0, 3: 0, 4: 0}",1
382,False,"{'a': 0.9, 'e': 6.852882322304762e-06}",20,9,19.35218723185658,"{0: 11, 1: 0, 2: 0, 3: 0, 4: 0}",1
383,False,"{'a': 0.9, 'e': 6.817143753110322e-06}",25,14,21.21769926689934,"{0: 11, 1: 0, 2: 0, 3: 0, 4: 0}",1
384,False,"{'a': 0.9, 'e': 6.781684027777777e-06}",20,9,20.39471165851191,"{0: 11, 1: 0, 2: 0, 3: 0, 4: 0}",1
385,False,"{'a': 0.9, 'e': 6.7465002529937596e-06}",30,14,31.716155469759194,"{0: 16, 1: 0, 2: 0, 3: 0, 4: 0}",1
386,False,"{'a': 0.9, 'e': 6.71158957287444e-06}",20,12,14.654421882143646,"{0: 8, 1: 0, 2: 0, 3: 0, 4: 0}",1
387,False,"{'a': 0.9, 'e': 6.676949168385981e-06}",30,18,23.06049729723523,"{0: 12, 1: 0, 2: 0, 3: 0, 4: 0}",1
388,False,"{'a': 0.9, 'e': 6.642576256775428e-06}",30,19,21.701987181259756,"{0: 11, 1: 0, 2: 0, 3: 0, 4: 0}",1
389,False,"{'a': 0.9, 'e': 6.608468091011823e-06}",25,11,15.439468948466681,"{0: 13, 1: 0, 2: 1, 3: 0, 4: 0}",1
390,False,"{'a': 0.9, 'e': 6.574621959237344e-06}",30,12,35.68656254372519,"{0: 18, 1: 0, 2: 0, 3: 0, 4: 0}",1
391,False,"{'a': 0.9, 'e': 6.541035184228256e-06}",20,6,25.100854757890215,"{0: 14, 1: 0, 2: 0, 3: 0, 4: 0}",1
392,False,"{'a': 0.9, 'e': 6.507705122865473e-06}",25,12,23.09904772269261,"{0: 13, 1: 0, 2: 0, 3: 0, 4: 0}",1
393,False,"{'a': 0.9, 'e': 6.47462916561454e-06}",20,7,17.955037961462093,"{0: 13, 1: 0, 2: 0, 3: 0, 4: 0}",1
394,False,"{'a': 0.9, 'e': 6.441804736014842e-06}",30,18,23.557531809380862,"{0: 12, 1: 0, 2: 0, 3: 0, 4: 0}",1
395,False,"{'a': 0.9, 'e': 6.409229290177856e-06}",30,22,16.548275192868346,"{0: 8, 1: 0, 2: 0, 3: 0, 4: 0}",1
396,False,"{'a': 0.9, 'e': 6.376900316294256e-06}",20,7,22.542646291825164,"{0: 13, 1: 0, 2: 0, 3: 0, 4: 0}",1
397,False,"{'a': 0.9, 'e': 6.344815334149699e-06}",35,19,30.09999857615712,"{0: 16, 1: 0, 2: 0, 3: 0, 4: 0}",1
398,False,"{'a': 0.9, 'e': 6.312971894649125e-06}",25,8,28.677504903968988,"{0: 17, 1: 0, 2: 0, 3: 0, 4: 0}",1
399,False,"{'a': 0.9, 'e': 6.281367579349376e-06}",35,1,60.72659473141564,"{0: 34, 1: 0, 2: 0, 3: 0, 4: 0}",1
400,False,"{'a': 0.9, 'e': 6.25e-06}",20,3,29.392097327839714,"{0: 17, 1: 0, 2: 0, 3: 0, 4: 0}",1
401,False,"{'a': 0.9, 'e': 6.218866798092052e-06}",20,3,29.16477229272902,"{0: 17, 1: 0, 2: 0, 3: 0, 4: 0}",1
402,False,"{'a': 0.9, 'e': 6.187965644414742e-06}",25,13,20.806705500289446,"{0: 12, 1: 0, 2: 0, 3: 0, 4: 0}",1
403,False,"{'a': 0.9, 'e': 6.157294238619781e-06}",20,12,16.29700912483376,"{0: 8, 1: 0, 2: 0, 3: 0, 4: 0}",1
404,False,"{'a': 0.9, 'e': 6.126850308793256e-06}",20,11,17.218376675315074,"{0: 9, 1: 0, 2: 0, 3: 0, 4: 0}",1
405,False,"{'a': 0.9, 'e': 6.0966316110349035e-06}",20,1,28.768650366374935,"{0: 19, 1: 0, 2: 0, 3: 0, 4: 0}",1
406,False,"{'a': 0.9, 'e': 6.066635929044626e-06}",20,16,8.257606831786404,"{0: 4, 1: 0, 2: 0, 3: 0, 4: 0}",1
407,False,"{'a': 0.9, 'e': 6.036861073716111e-06}",25,8,26.100419155956764,"{0: 17, 1: 0, 2: 0, 3: 0, 4: 0}",1
408,False,"{'a': 0.9, 'e': 6.007304882737409e-06}",20,8,23.084168303804596,"{0: 12, 1: 0, 2: 0, 3: 0, 4: 0}",1
409,False,"{'a': 0.9, 'e': 5.977965220198349e-06}",25,18,12.298800367965352,"{0: 7, 1: 0, 2: 0, 3: 0, 4: 0}",1
410,False,"{'a': 0.9, 'e': 5.94883997620464e-06}",25,0,37.746082931755744,"{0: 25, 1: 0, 2: 0, 3: 0, 4: 0}",0
411,False,"{'a': 0.9, 'e': 5.919927066498541e-06}",20,10,18.97805209105664,"{0: 10, 1: 0, 2: 0, 3: 0, 4: 0}",1
412,False,"{'a': 0.9, 'e': 5.891224432085965e-06}",30,18,25.063810517459768,"{0: 12, 1: 0, 2: 0, 3: 0, 4: 0}",1
413,False,"{'a': 0.9, 'e': 5.8627300388699e-06}",20,0,32.501884740940795,"{0: 20, 1: 0, 2: 0, 3: 0, 4: 0}",0
414,False,"{'a': 0.9, 'e': 5.834441877290019e-06}",20,2,28.95559044323434,"{0: 18, 1: 0, 2: 0, 3: 0, 4: 0}",1
415,False,"{'a': 0.9, 'e': 5.8063579619683555e-06}",20,13,12.085270160887866,"{0: 7, 1: 0, 2: 0, 3: 0, 4: 0}",1
416,False,"{'a': 0.9, 'e': 5.778476331360947e-06}",20,10,17.757452333943096,"{0: 10, 1: 0, 2: 0, 3: 0, 4: 0}",1
417,False,"{'a': 0.9, 'e': 5.750795047415305e-06}",25,15,19.15056887397464,"{0: 10, 1: 0, 2: 0, 3: 0, 4: 0}",1
418,False,"{'a': 0.9, 'e': 5.7233121952336254e-06}",25,18,10.850133283910965,"{0: 7, 1: 0, 2: 0, 3: 0, 4: 0}",1
419,False,"{'a': 0.9, 'e': 5.696025882741611e-06}",25,12,24.630604205152995,"{0: 13, 1: 0, 2: 0, 3: 0, 4: 0}",1
420,False,"{'a': 0.9, 'e': 5.668934240362812e-06}",20,3,27.442141668766304,"{0: 17, 1: 0, 2: 0, 3: 0, 4: 0}",1
421,False,"{'a': 0.9, 'e': 5.642035420698371e-06}",20,16,7.306527480380073,"{0: 4, 1: 0, 2: 0, 3: 0, 4: 0}",1
422,False,"{'a': 0.9, 'e': 5.61532759821208e-06}",20,10,16.896309906571297,"{0: 10, 1: 0, 2: 0, 3: 0, 4: 0}",1
423,False,"{'a': 0.9, 'e': 5.5888089689206334e-06}",25,5,36.57233862664362,"{0: 20, 1: 0, 2: 0, 3: 0, 4: 0}",1
424,False,"{'a': 0.9, 'e': 5.562477750089e-06}",20,0,31.135134227594556,"{0: 20, 1: 0, 2: 0, 3: 0, 4: 0}",0
425,False,"{'a': 0.9, 'e': 5.536332179930796e-06}",25,14,22.164203209567535,"{0: 11, 1: 0, 2: 0, 3: 0, 4: 0}",1
426,False,"{'a': 0.9, 'e': 5.510370517313584e-06}",20,11,18.052602847429277,"{0: 9, 1: 0, 2: 0, 3: 0, 4: 0}",1
427,False,"{'a': 0.9, 'e': 5.484591041468993e-06}",20,16,6.657368337314068,"{0: 4, 1: 0, 2: 0, 3: 0, 4: 0}",1
428,False,"{'a': 0.9, 'e': 5.458992051707573e-06}",20,8,20.706545258268093,"{0: 12, 1: 0, 2: 0, 3: 0, 4: 0}",1
429,False,"{'a': 0.9, 'e': 5.433571867138301e-06}",20,5,27.162986639634287,"{0: 15, 1: 0, 2: 0, 3: 0, 4: 0}",1
430,False,"{'a': 0.9, 'e': 5.408328826392644e-06}",30,16,27.179088155862335,"{0: 14, 1: 0, 2: 0, 3: 0, 4: 0}",1
431,False,"{'a': 0.9, 'e': 5.383261287353104e-06}",20,16,8.702464108174905,"{0: 4, 1: 0, 2: 0, 3: 0, 4: 0}",1
432,False,"{'a': 0.9, 'e': 5.358367626886146e-06}",25,15,17.79578150515308,"{0: 10, 1: 0, 2: 0, 3: 0, 4: 0}",1
433,False,"{'a': 0.9, 'e': 5.333646240579448e-06}",20,9,8.78323941064765,"{0: 10, 1: 0, 2: 1, 3: 0, 4: 0}",1
434,False,"{'a': 0.9, 'e': 5.309095542483383e-06}",20,0,36.57715161996577,"{0: 20, 1: 0, 2: 0, 3: 0, 4: 0}",0
435,False,"{'a': 0.9, 'e': 5.2847139648566525e-06}",20,12,18.563825409225824,"{0: 8, 1: 0, 2: 0, 3: 0, 4: 0}",1
436,False,"{'a': 0.9, 'e': 5.2604999579160005e-06}",25,4,35.5688123270213,"{0: 21, 1: 0, 2: 0, 3: 0, 4: 0}",1
437,False,"{'a': 0.9, 'e': 5.236451989589933e-06}",25,9,28.79901949726578,"{0: 16, 1: 0, 2: 0, 3: 0, 4: 0}",1
438,False,"{'a': 0.9, 'e': 5.21256854527637e-06}",25,19,12.423953637444583,"{0: 6, 1: 0, 2: 0, 3: 0, 4: 0}",1
439,False,"{'a': 0.9, 'e': 5.188848127604153e-06}",20,6,24.97534633069366,"{0: 14, 1: 0, 2: 0, 3: 0, 4: 0}",1
440,False,"{'a': 0.9, 'e': 5.1652892561983475e-06}",30,15,26.04074820686246,"{0: 15, 1: 0, 2: 0, 3: 0, 4: 0}",1
441,False,"{'a': 0.9, 'e': 5.141890467449262e-06}",20,7,20.23878911837124,"{0: 13, 1: 0, 2: 0, 3: 0, 4: 0}",1
442,False,"{'a': 0.9, 'e': 5.11865031428513e-06}",20,3,26.76089581637711,"{0: 17, 1: 0, 2: 0, 3: 0, 4: 0}",1
443,False,"{'a': 0.9, 'e': 5.095567365948361e-06}",20,11,17.684442467201315,"{0: 9, 1: 0, 2: 0, 3: 0, 4: 0}",1
444,False,"{'a': 0.9, 'e': 5.072640207775343e-06}",25,17,16.532323214972486,"{0: 8, 1: 0, 2: 0, 3: 0, 4: 0}",1
445,False,"{'a': 0.9, 'e': 5.049867440979674e-06}",30,20,18.74103348965739,"{0: 10, 1: 0, 2: 0, 3: 0, 4: 0}",1
446,False,"{'a': 0.9, 'e': 5.027247682438819e-06}",35,19,28.167251573127466,"{0: 16, 1: 0, 2: 0, 3: 0, 4: 0}",1
447,False,"{'a': 0.9, 'e': 5.004779564484083e-06}",20,6,23.227876701142677,"{0: 14, 1: 0, 2: 0, 3: 0, 4: 0}",1
448,False,"{'a': 0.9, 'e': 4.982461734693877e-06}",20,14,13.419090802272223,"{0: 6, 1: 0, 2: 0, 3: 0, 4: 0}",1
1,True,"{'a': 0, 'e': 0}",25,11,32.484270630549894,"{0: 14, 1: 0, 2: 0, 3: 0, 4: 0}",1
2,True,"{'a': 0, 'e': 0}",25,15,18.40298707792331,"{0: 10, 1: 0, 2: 0, 3: 0, 4: 0}",1
3,True,"{'a': 0, 'e': 0}",20,11,17.423202324586246,"{0: 9, 1: 0, 2: 0, 3: 0, 4: 0}",1
4,True,"{'a': 0, 'e': 0}",25,9,31.345305996129916,"{0: 16, 1: 0, 2: 0, 3: 0, 4: 0}",1
5,True,"{'a': 0, 'e': 0}",25,9,31.070518274142156,"{0: 16, 1: 0, 2: 0, 3: 0, 4: 0}",1
6,True,"{'a': 0, 'e': 0}",20,15,11.415468419772935,"{0: 5, 1: 0, 2: 0, 3: 0, 4: 0}",1
7,True,"{'a': 0, 'e': 0}",30,17,23.405034696620234,"{0: 13, 1: 0, 2: 0, 3: 0, 4: 0}",1
8,True,"{'a': 0, 'e': 0}",20,10,16.608569941601203,"{0: 10, 1: 0, 2: 0, 3: 0, 4: 0}",1
9,True,"{'a': 0, 'e': 0}",20,10,21.340356913780266,"{0: 10, 1: 0, 2: 0, 3: 0, 4: 0}",1
10,True,"{'a': 0, 'e': 0}",20,9,15.546774133867622,"{0: 11, 1: 0, 2: 0, 3: 0, 4: 0}",1
